timestamp,date,days_until_festival,total_listings,total_tickets,min_price,max_price,avg_price,median_price,p25_price,p75_price,count_below_face,count_at_face,count_above_face,face_value,notes
2026-05-28T13:34:32,2026-05-28,36,0,0,301.6,410.6,335.67,328.3,317.2,349.14,21,1,20,329.0,Aantallen via API niet beschikbaar; prijzen via DOM
2026-05-29T11:17:15,2026-05-29,35,0,0,301.6,410.6,334.11,327.08,313.04,348.4,22,1,19,329.0,Aantallen via API niet beschikbaar; prijzen via DOM
2026-05-29T11:19:31,2026-05-29,35,229,355,301.6,410.6,334.11,327.08,313.04,348.4,22,1,19,329.0,
2026-05-29T11:25:02,2026-05-29,35,229,355,301.6,410.6,334.11,327.08,313.04,348.4,22,1,19,329.0,
2026-05-29T11:29:11,2026-05-29,35,229,355,301.6,410.6,334.11,327.08,313.04,348.4,22,1,19,329.0,
2026-05-29T12:34:15,2026-05-29,35,232,359,301.6,410.6,334.11,327.08,313.04,348.4,22,1,19,329.0,
2026-05-30T08:13:45,2026-05-30,34,,,,,,,,,,,329.0,Chrome niet beschikbaar
2026-05-31T00:00:00,2026-05-31,33,,,,,,,,,,,329.0,Chrome niet beschikbaar; scrapen mislukt
2026-05-31T14:38:26,2026-05-31,33,254,378,300.56,410.6,333.28,326.56,313.04,343.2,24,1,20,329.0,
2026-06-01T08:27:07,2026-06-01,32,,,,,,,,,,,,329.0,Chrome niet beschikbaar; pagina client-rendered
2026-06-01T15:32:22,2026-06-01,32,284,421,299.52,410.6,331.49,323.41,311.98,343.2,27,1,20,329.0,
2026-06-02T12:03:20,2026-06-02,31,288,429,300.56,410.6,331.72,323.41,311.98,343.2,27,1,20,329.0,
2026-06-03T13:15:15,2026-06-03,30,299,444,296.4,410.6,329.83,320.84,311.88,342.16,31,1,20,329.0,
2026-06-04T08:38:51,2026-06-04,29,,,,,,,,,,,329.0,Chrome niet beschikbaar; pagina client-rendered
2026-06-04T13:25:30,2026-06-04,29,299,436,300.56,410.6,331.5,322.4,311.99,342.16,28,1,20,329.0,
2026-06-07T11:12:21,2026-06-07,26,301,444,300.56,410.6,330.65,323.41,313.04,343.0,27,1,20,329.0,
2026-06-08T20:47:27,2026-06-08,25,306,447,304.72,410.6,330.59,323.41,313.04,341.12,26,1,19,329.0,
2026-06-09T12:00:31,2026-06-09,24,305,449,306.78,410.6,330.75,322.4,313.67,341.12,26,1,18,329.0,
2026-06-10T12:26:20,2026-06-10,23,297,434,301.63,410.6,330.06,321.88,313.04,341.12,27,1,18,329.0,
2026-06-11T13:26:48,2026-06-11,22,294,424,299.52,410.6,331.97,324.48,316.16,342.16,23,1,18,329.0,
2026-06-15T12:31:44,2026-06-15,18,282,407,301.6,410.6,336.12,330.72,318.76,348.4,17,1,19,329.0,
2026-06-17T15:33:53,2026-06-17,16,235,348,312.0,410.6,338.62,331.76,319.28,349.14,16,1,20,329.0,
2026-06-18T12:36:46,2026-06-18,15,232,343,310.96,410.6,338.61,330.72,318.76,349.14,19,1,21,329.0,
2026-06-20T18:31:56,2026-06-20,13,196,281,309.92,410.6,339.57,332.28,318.76,349.44,17,1,22,329.0,
2026-06-21T13:27:06,2026-06-21,12,173,248,317.2,410.6,344.13,338.0,322.4,350.48,11,1,22,329.0,
2026-06-21T17:52:28,2026-06-21,12,165,229,318.37,410.6,345.78,339.04,324.48,353.6,9,1,22,329.0,
2026-06-21T22:27:02,2026-06-21,12,156,215,319.28,410.6,346.99,340.08,327.6,353.6,7,2,22,329.0,
2026-06-22T13:11:07,2026-06-22,11,137,190,322.4,410.6,349.84,341.64,330.72,358.8,4,2,22,329.0,
2026-06-23T16:34:41,2026-06-23,10,122,158,327.6,410.6,352.54,342.17,332.8,358.8,1,2,23,329.0,
2026-06-25T12:49:02,2026-06-25,8,133,162,327.6,410.6,357.68,348.77,334.88,373.36,1,2,23,329.0,
2026-06-27T12:13:33,2026-06-27,6,131,160,324.48,410.6,358.65,348.4,334.88,390.0,2,1,24,329.0,
2026-06-27T11:35:24,2026-06-27,6,0,0,,,,,,,,,,329.0,Geen data gevonden — mogelijk geen kaarten beschikbaar of API gewijzigd
2026-06-27T15:59:32,2026-06-27,6,0,0,,,,,,,,,,329.0,Geen data gevonden — mogelijk geen kaarten beschikbaar of API gewijzigd
2026-06-27T20:05:59,2026-06-27,6,0,0,,,,,,,,,,329.0,Geen data gevonden — mogelijk geen kaarten beschikbaar of API gewijzigd
2026-06-27T22:45:54,2026-06-27,6,0,0,,,,,,,,,,329.0,Geen data gevonden — mogelijk geen kaarten beschikbaar of API gewijzigd
2026-06-28T09:52:24,2026-06-28,5,0,0,,,,,,,,,,329.0,Geen data gevonden — mogelijk geen kaarten beschikbaar of API gewijzigd
2026-06-28T12:14:39,2026-06-28,5,0,0,,,,,,,,,,329.0,Geen data gevonden — mogelijk geen kaarten beschikbaar of API gewijzigd
2026-06-28T16:03:01,2026-06-28,5,0,0,,,,,,,,,,329.0,Geen data gevonden — mogelijk geen kaarten beschikbaar of API gewijzigd
2026-06-28T20:09:23,2026-06-28,5,0,0,,,,,,,,,,329.0,Geen data gevonden — mogelijk geen kaarten beschikbaar of API gewijzigd
2026-06-29T11:53:14,2026-06-29,4,0,0,,,,,,,,,,329.0,Geen data gevonden — mogelijk geen kaarten beschikbaar of API gewijzigd
2026-06-29T14:45:36,2026-06-29,4,0,0,,,,,,,,,,329.0,Geen data gevonden — mogelijk geen kaarten beschikbaar of API gewijzigd
2026-06-29T17:27:47,2026-06-29,4,0,0,,,,,,,,,,329.0,Geen data gevonden — mogelijk geen kaarten beschikbaar of API gewijzigd
2026-06-29T20:51:27,2026-06-29,4,0,0,,,,,,,,,,329.0,Geen data gevonden — mogelijk geen kaarten beschikbaar of API gewijzigd
2026-06-30T10:23:03,2026-06-30,3,0,0,,,,,,,,,,329.0,Geen data gevonden — mogelijk geen kaarten beschikbaar of API gewijzigd
2026-06-30T13:07:46,2026-06-30,3,0,0,,,,,,,,,,329.0,Geen data gevonden — mogelijk geen kaarten beschikbaar of API gewijzigd
2026-06-30T17:01:07,2026-06-30,3,0,0,,,,,,,,,,329.0,Geen data gevonden — mogelijk geen kaarten beschikbaar of API gewijzigd
2026-06-30T20:54:22,2026-06-30,3,0,0,,,,,,,,,,329.0,Geen data gevonden — mogelijk geen kaarten beschikbaar of API gewijzigd
2026-07-01T10:37:41,2026-07-01,2,0,0,,,,,,,,,,329.0,Geen data gevonden — mogelijk geen kaarten beschikbaar of API gewijzigd
2026-07-01T13:32:47,2026-07-01,2,0,0,,,,,,,,,,329.0,Geen data gevonden — mogelijk geen kaarten beschikbaar of API gewijzigd
2026-07-01T17:05:42,2026-07-01,2,0,0,,,,,,,,,,329.0,Geen data gevonden — mogelijk geen kaarten beschikbaar of API gewijzigd
2026-07-01T20:47:20,2026-07-01,2,0,0,,,,,,,,,,329.0,Geen data gevonden — mogelijk geen kaarten beschikbaar of API gewijzigd
2026-07-02T09:51:34,2026-07-02,1,0,0,,,,,,,,,,329.0,Geen data gevonden — mogelijk geen kaarten beschikbaar of API gewijzigd
2026-07-02T12:55:16,2026-07-02,1,0,0,,,,,,,,,,329.0,Geen data gevonden — mogelijk geen kaarten beschikbaar of API gewijzigd
2026-07-02T16:44:49,2026-07-02,1,0,0,,,,,,,,,,329.0,Geen data gevonden — mogelijk geen kaarten beschikbaar of API gewijzigd
2026-07-02T20:16:29,2026-07-02,1,0,0,,,,,,,,,,329.0,Geen data gevonden — mogelijk geen kaarten beschikbaar of API gewijzigd
2026-07-03T09:49:28,2026-07-03,0,0,0,,,,,,,,,,329.0,Geen data gevonden — mogelijk geen kaarten beschikbaar of API gewijzigd
2026-07-03T12:53:53,2026-07-03,0,0,0,,,,,,,,,,329.0,Geen data gevonden — mogelijk geen kaarten beschikbaar of API gewijzigd
2026-07-03T16:19:18,2026-07-03,0,0,0,,,,,,,,,,329.0,Geen data gevonden — mogelijk geen kaarten beschikbaar of API gewijzigd
2026-07-03T20:12:10,2026-07-03,0,0,0,,,,,,,,,,329.0,Geen data gevonden — mogelijk geen kaarten beschikbaar of API gewijzigd
2026-07-04T09:13:16,2026-07-04,-1,0,0,,,,,,,,,,329.0,Geen data gevonden — mogelijk geen kaarten beschikbaar of API gewijzigd
2026-07-04T12:03:14,2026-07-04,-1,0,0,,,,,,,,,,329.0,Geen data gevonden — mogelijk geen kaarten beschikbaar of API gewijzigd
2026-07-04T15:54:09,2026-07-04,-1,0,0,,,,,,,,,,329.0,Geen data gevonden — mogelijk geen kaarten beschikbaar of API gewijzigd
2026-07-04T20:05:51,2026-07-04,-1,0,0,,,,,,,,,,329.0,Geen data gevonden — mogelijk geen kaarten beschikbaar of API gewijzigd
2026-07-05T09:34:05,2026-07-05,-2,0,0,,,,,,,,,,329.0,Geen data gevonden — mogelijk geen kaarten beschikbaar of API gewijzigd
2026-07-05T12:11:37,2026-07-05,-2,0,0,,,,,,,,,,329.0,Geen data gevonden — mogelijk geen kaarten beschikbaar of API gewijzigd
2026-07-05T16:00:35,2026-07-05,-2,0,0,,,,,,,,,,329.0,Geen data gevonden — mogelijk geen kaarten beschikbaar of API gewijzigd
2026-07-05T20:09:23,2026-07-05,-2,0,0,,,,,,,,,,329.0,Geen data gevonden — mogelijk geen kaarten beschikbaar of API gewijzigd
2026-07-06T11:20:58,2026-07-06,-3,0,0,,,,,,,,,,329.0,Geen data gevonden — mogelijk geen kaarten beschikbaar of API gewijzigd
2026-07-06T14:22:26,2026-07-06,-3,0,0,,,,,,,,,,329.0,Geen data gevonden — mogelijk geen kaarten beschikbaar of API gewijzigd
2026-07-06T17:34:29,2026-07-06,-3,0,0,,,,,,,,,,329.0,Geen data gevonden — mogelijk geen kaarten beschikbaar of API gewijzigd
2026-07-06T20:50:09,2026-07-06,-3,0,0,,,,,,,,,,329.0,Geen data gevonden — mogelijk geen kaarten beschikbaar of API gewijzigd
2026-07-07T10:17:56,2026-07-07,-4,0,0,,,,,,,,,,329.0,Geen data gevonden — mogelijk geen kaarten beschikbaar of API gewijzigd
2026-07-07T13:14:22,2026-07-07,-4,0,0,,,,,,,,,,329.0,Geen data gevonden — mogelijk geen kaarten beschikbaar of API gewijzigd
2026-07-07T17:04:45,2026-07-07,-4,0,0,,,,,,,,,,329.0,Geen data gevonden — mogelijk geen kaarten beschikbaar of API gewijzigd
2026-07-07T20:47:27,2026-07-07,-4,0,0,,,,,,,,,,329.0,Geen data gevonden — mogelijk geen kaarten beschikbaar of API gewijzigd
2026-07-08T09:20:14,2026-07-08,-5,0,0,,,,,,,,,,329.0,Geen data gevonden — mogelijk geen kaarten beschikbaar of API gewijzigd
2026-07-08T12:17:14,2026-07-08,-5,0,0,,,,,,,,,,329.0,Geen data gevonden — mogelijk geen kaarten beschikbaar of API gewijzigd
2026-07-08T16:25:52,2026-07-08,-5,0,0,,,,,,,,,,329.0,Geen data gevonden — mogelijk geen kaarten beschikbaar of API gewijzigd
2026-07-08T20:18:28,2026-07-08,-5,0,0,,,,,,,,,,329.0,Geen data gevonden — mogelijk geen kaarten beschikbaar of API gewijzigd
2026-07-09T10:18:07,2026-07-09,-6,0,0,,,,,,,,,,329.0,Geen data gevonden — mogelijk geen kaarten beschikbaar of API gewijzigd
2026-07-09T13:45:35,2026-07-09,-6,0,0,,,,,,,,,,329.0,Geen data gevonden — mogelijk geen kaarten beschikbaar of API gewijzigd
2026-07-09T17:12:31,2026-07-09,-6,0,0,,,,,,,,,,329.0,Geen data gevonden — mogelijk geen kaarten beschikbaar of API gewijzigd
2026-07-09T20:43:32,2026-07-09,-6,0,0,,,,,,,,,,329.0,Geen data gevonden — mogelijk geen kaarten beschikbaar of API gewijzigd
2026-07-10T10:14:32,2026-07-10,-7,0,0,,,,,,,,,,329.0,Geen data gevonden — mogelijk geen kaarten beschikbaar of API gewijzigd
2026-07-10T13:07:57,2026-07-10,-7,0,0,,,,,,,,,,329.0,Geen data gevonden — mogelijk geen kaarten beschikbaar of API gewijzigd
2026-07-10T16:50:26,2026-07-10,-7,0,0,,,,,,,,,,329.0,Geen data gevonden — mogelijk geen kaarten beschikbaar of API gewijzigd
2026-07-10T20:16:58,2026-07-10,-7,0,0,,,,,,,,,,329.0,Geen data gevonden — mogelijk geen kaarten beschikbaar of API gewijzigd
2026-07-11T08:41:49,2026-07-11,-8,0,0,,,,,,,,,,329.0,Geen data gevonden — mogelijk geen kaarten beschikbaar of API gewijzigd
2026-07-11T11:47:47,2026-07-11,-8,0,0,,,,,,,,,,329.0,Geen data gevonden — mogelijk geen kaarten beschikbaar of API gewijzigd
2026-07-11T15:44:01,2026-07-11,-8,0,0,,,,,,,,,,329.0,Geen data gevonden — mogelijk geen kaarten beschikbaar of API gewijzigd
2026-07-11T20:01:56,2026-07-11,-8,0,0,,,,,,,,,,329.0,Geen data gevonden — mogelijk geen kaarten beschikbaar of API gewijzigd
2026-07-12T08:58:09,2026-07-12,-9,0,0,,,,,,,,,,329.0,Geen data gevonden — mogelijk geen kaarten beschikbaar of API gewijzigd
2026-07-12T11:54:34,2026-07-12,-9,0,0,,,,,,,,,,329.0,Geen data gevonden — mogelijk geen kaarten beschikbaar of API gewijzigd
2026-07-12T15:48:25,2026-07-12,-9,0,0,,,,,,,,,,329.0,Geen data gevonden — mogelijk geen kaarten beschikbaar of API gewijzigd
2026-07-12T20:04:25,2026-07-12,-9,0,0,,,,,,,,,,329.0,Geen data gevonden — mogelijk geen kaarten beschikbaar of API gewijzigd
2026-07-13T10:15:50,2026-07-13,-10,0,0,,,,,,,,,,329.0,Geen data gevonden — mogelijk geen kaarten beschikbaar of API gewijzigd
2026-07-13T13:15:06,2026-07-13,-10,0,0,,,,,,,,,,329.0,Geen data gevonden — mogelijk geen kaarten beschikbaar of API gewijzigd
2026-07-13T17:04:20,2026-07-13,-10,0,0,,,,,,,,,,329.0,Geen data gevonden — mogelijk geen kaarten beschikbaar of API gewijzigd
2026-07-13T20:08:52,2026-07-13,-10,0,0,,,,,,,,,,329.0,Geen data gevonden — mogelijk geen kaarten beschikbaar of API gewijzigd
2026-07-14T08:58:23,2026-07-14,-11,0,0,,,,,,,,,,329.0,Geen data gevonden — mogelijk geen kaarten beschikbaar of API gewijzigd
2026-07-14T12:07:53,2026-07-14,-11,0,0,,,,,,,,,,329.0,Geen data gevonden — mogelijk geen kaarten beschikbaar of API gewijzigd
2026-07-14T16:08:47,2026-07-14,-11,0,0,,,,,,,,,,329.0,Geen data gevonden — mogelijk geen kaarten beschikbaar of API gewijzigd
2026-07-14T20:07:06,2026-07-14,-11,0,0,,,,,,,,,,329.0,Geen data gevonden — mogelijk geen kaarten beschikbaar of API gewijzigd
2026-07-15T09:05:03,2026-07-15,-12,0,0,,,,,,,,,,329.0,Geen data gevonden — mogelijk geen kaarten beschikbaar of API gewijzigd
2026-07-15T12:12:16,2026-07-15,-12,0,0,,,,,,,,,,329.0,Geen data gevonden — mogelijk geen kaarten beschikbaar of API gewijzigd
2026-07-15T16:13:43,2026-07-15,-12,0,0,,,,,,,,,,329.0,Geen data gevonden — mogelijk geen kaarten beschikbaar of API gewijzigd
2026-07-15T20:04:43,2026-07-15,-12,0,0,,,,,,,,,,329.0,Geen data gevonden — mogelijk geen kaarten beschikbaar of API gewijzigd
2026-07-16T09:08:20,2026-07-16,-13,0,0,,,,,,,,,,329.0,Geen data gevonden — mogelijk geen kaarten beschikbaar of API gewijzigd
2026-07-16T12:16:48,2026-07-16,-13,0,0,,,,,,,,,,329.0,Geen data gevonden — mogelijk geen kaarten beschikbaar of API gewijzigd
2026-07-16T16:09:52,2026-07-16,-13,0,0,,,,,,,,,,329.0,Geen data gevonden — mogelijk geen kaarten beschikbaar of API gewijzigd
2026-07-16T19:58:25,2026-07-16,-13,0,0,,,,,,,,,,329.0,Geen data gevonden — mogelijk geen kaarten beschikbaar of API gewijzigd
2026-07-17T09:03:31,2026-07-17,-14,0,0,,,,,,,,,,329.0,Geen data gevonden — mogelijk geen kaarten beschikbaar of API gewijzigd
2026-07-17T12:04:35,2026-07-17,-14,0,0,,,,,,,,,,329.0,Geen data gevonden — mogelijk geen kaarten beschikbaar of API gewijzigd
2026-07-17T16:07:30,2026-07-17,-14,0,0,,,,,,,,,,329.0,Geen data gevonden — mogelijk geen kaarten beschikbaar of API gewijzigd
2026-07-17T20:02:52,2026-07-17,-14,0,0,,,,,,,,,,329.0,Geen data gevonden — mogelijk geen kaarten beschikbaar of API gewijzigd
2026-07-18T08:31:10,2026-07-18,-15,0,0,,,,,,,,,,329.0,Geen data gevonden — mogelijk geen kaarten beschikbaar of API gewijzigd
2026-07-18T11:49:49,2026-07-18,-15,0,0,,,,,,,,,,329.0,Geen data gevonden — mogelijk geen kaarten beschikbaar of API gewijzigd
2026-07-18T15:44:11,2026-07-18,-15,0,0,,,,,,,,,,329.0,Geen data gevonden — mogelijk geen kaarten beschikbaar of API gewijzigd
2026-07-18T20:02:35,2026-07-18,-15,0,0,,,,,,,,,,329.0,Geen data gevonden — mogelijk geen kaarten beschikbaar of API gewijzigd
2026-07-19T09:01:28,2026-07-19,-16,0,0,,,,,,,,,,329.0,Geen data gevonden — mogelijk geen kaarten beschikbaar of API gewijzigd
2026-07-19T11:52:08,2026-07-19,-16,0,0,,,,,,,,,,329.0,Geen data gevonden — mogelijk geen kaarten beschikbaar of API gewijzigd
2026-07-19T15:45:36,2026-07-19,-16,0,0,,,,,,,,,,329.0,Geen data gevonden — mogelijk geen kaarten beschikbaar of API gewijzigd
2026-07-19T20:05:39,2026-07-19,-16,0,0,,,,,,,,,,329.0,Geen data gevonden — mogelijk geen kaarten beschikbaar of API gewijzigd
2026-07-20T09:49:15,2026-07-20,-17,0,0,,,,,,,,,,329.0,Geen data gevonden — mogelijk geen kaarten beschikbaar of API gewijzigd
2026-07-20T13:02:48,2026-07-20,-17,0,0,,,,,,,,,,329.0,Geen data gevonden — mogelijk geen kaarten beschikbaar of API gewijzigd
2026-07-20T16:19:41,2026-07-20,-17,0,0,,,,,,,,,,329.0,Geen data gevonden — mogelijk geen kaarten beschikbaar of API gewijzigd
2026-07-20T20:17:13,2026-07-20,-17,0,0,,,,,,,,,,329.0,Geen data gevonden — mogelijk geen kaarten beschikbaar of API gewijzigd
2026-07-21T09:22:40,2026-07-21,-18,0,0,,,,,,,,,,329.0,Geen data gevonden — mogelijk geen kaarten beschikbaar of API gewijzigd
2026-07-21T12:21:40,2026-07-21,-18,0,0,,,,,,,,,,329.0,Geen data gevonden — mogelijk geen kaarten beschikbaar of API gewijzigd
2026-07-21T16:15:51,2026-07-21,-18,0,0,,,,,,,,,,329.0,Geen data gevonden — mogelijk geen kaarten beschikbaar of API gewijzigd
2026-07-21T20:17:22,2026-07-21,-18,0,0,,,,,,,,,,329.0,Geen data gevonden — mogelijk geen kaarten beschikbaar of API gewijzigd
2026-07-22T09:21:49,2026-07-22,-19,0,0,,,,,,,,,,329.0,Geen data gevonden — mogelijk geen kaarten beschikbaar of API gewijzigd
2026-07-22T12:23:52,2026-07-22,-19,0,0,,,,,,,,,,329.0,Geen data gevonden — mogelijk geen kaarten beschikbaar of API gewijzigd
2026-07-22T16:13:57,2026-07-22,-19,0,0,,,,,,,,,,329.0,Geen data gevonden — mogelijk geen kaarten beschikbaar of API gewijzigd
2026-07-22T20:09:39,2026-07-22,-19,0,0,,,,,,,,,,329.0,Geen data gevonden — mogelijk geen kaarten beschikbaar of API gewijzigd
2026-07-23T09:18:01,2026-07-23,-20,0,0,,,,,,,,,,329.0,Geen data gevonden — mogelijk geen kaarten beschikbaar of API gewijzigd
2026-07-23T12:21:05,2026-07-23,-20,0,0,,,,,,,,,,329.0,Geen data gevonden — mogelijk geen kaarten beschikbaar of API gewijzigd
2026-07-23T16:19:16,2026-07-23,-20,0,0,,,,,,,,,,329.0,Geen data gevonden — mogelijk geen kaarten beschikbaar of API gewijzigd
2026-07-23T20:09:36,2026-07-23,-20,0,0,,,,,,,,,,329.0,Geen data gevonden — mogelijk geen kaarten beschikbaar of API gewijzigd
2026-07-24T09:14:34,2026-07-24,-21,0,0,,,,,,,,,,329.0,Geen data gevonden — mogelijk geen kaarten beschikbaar of API gewijzigd
2026-07-24T12:16:16,2026-07-24,-21,0,0,,,,,,,,,,329.0,Geen data gevonden — mogelijk geen kaarten beschikbaar of API gewijzigd
2026-07-24T20:15:00,2026-07-24,-21,0,0,,,,,,,,,,329.0,Geen data gevonden — mogelijk geen kaarten beschikbaar of API gewijzigd
2026-07-25T12:00:16,2026-07-25,-22,0,0,,,,,,,,,,329.0,Geen data gevonden — mogelijk geen kaarten beschikbaar of API gewijzigd
2026-07-25T15:55:50,2026-07-25,-22,0,0,,,,,,,,,,329.0,Geen data gevonden — mogelijk geen kaarten beschikbaar of API gewijzigd
2026-07-25T20:08:15,2026-07-25,-22,0,0,,,,,,,,,,329.0,Geen data gevonden — mogelijk geen kaarten beschikbaar of API gewijzigd
2026-07-26T09:07:42,2026-07-26,-23,0,0,,,,,,,,,,329.0,Geen data gevonden — mogelijk geen kaarten beschikbaar of API gewijzigd
2026-07-26T11:58:08,2026-07-26,-23,0,0,,,,,,,,,,329.0,Geen data gevonden — mogelijk geen kaarten beschikbaar of API gewijzigd
2026-07-26T15:53:48,2026-07-26,-23,0,0,,,,,,,,,,329.0,Geen data gevonden — mogelijk geen kaarten beschikbaar of API gewijzigd
2026-07-26T20:06:16,2026-07-26,-23,0,0,,,,,,,,,,329.0,Geen data gevonden — mogelijk geen kaarten beschikbaar of API gewijzigd
2026-07-27T10:32:05,2026-07-27,-24,0,0,,,,,,,,,,329.0,Geen data gevonden — mogelijk geen kaarten beschikbaar of API gewijzigd
2026-07-27T13:35:14,2026-07-27,-24,0,0,,,,,,,,,,329.0,Geen data gevonden — mogelijk geen kaarten beschikbaar of API gewijzigd
2026-07-27T16:53:40,2026-07-27,-24,0,0,,,,,,,,,,329.0,Geen data gevonden — mogelijk geen kaarten beschikbaar of API gewijzigd
2026-07-27T20:17:08,2026-07-27,-24,0,0,,,,,,,,,,329.0,Geen data gevonden — mogelijk geen kaarten beschikbaar of API gewijzigd
2026-07-28T09:30:52,2026-07-28,-25,0,0,,,,,,,,,,329.0,Geen data gevonden — mogelijk geen kaarten beschikbaar of API gewijzigd
2026-07-28T12:51:29,2026-07-28,-25,0,0,,,,,,,,,,329.0,Geen data gevonden — mogelijk geen kaarten beschikbaar of API gewijzigd
2026-07-28T16:27:49,2026-07-28,-25,0,0,,,,,,,,,,329.0,Geen data gevonden — mogelijk geen kaarten beschikbaar of API gewijzigd
2026-07-28T20:12:20,2026-07-28,-25,0,0,,,,,,,,,,329.0,Geen data gevonden — mogelijk geen kaarten beschikbaar of API gewijzigd
2026-07-29T09:32:26,2026-07-29,-26,0,0,,,,,,,,,,329.0,Geen data gevonden — mogelijk geen kaarten beschikbaar of API gewijzigd
2026-07-29T12:57:57,2026-07-29,-26,0,0,,,,,,,,,,329.0,Geen data gevonden — mogelijk geen kaarten beschikbaar of API gewijzigd
2026-07-29T16:15:33,2026-07-29,-26,0,0,,,,,,,,,,329.0,Geen data gevonden — mogelijk geen kaarten beschikbaar of API gewijzigd
2026-07-29T20:09:42,2026-07-29,-26,0,0,,,,,,,,,,329.0,Geen data gevonden — mogelijk geen kaarten beschikbaar of API gewijzigd
2026-07-30T09:25:19,2026-07-30,-27,0,0,,,,,,,,,,329.0,Geen data gevonden — mogelijk geen kaarten beschikbaar of API gewijzigd
2026-07-30T12:26:43,2026-07-30,-27,0,0,,,,,,,,,,329.0,Geen data gevonden — mogelijk geen kaarten beschikbaar of API gewijzigd
2026-07-30T16:20:39,2026-07-30,-27,0,0,,,,,,,,,,329.0,Geen data gevonden — mogelijk geen kaarten beschikbaar of API gewijzigd
2026-07-30T20:12:37,2026-07-30,-27,0,0,,,,,,,,,,329.0,Geen data gevonden — mogelijk geen kaarten beschikbaar of API gewijzigd
2026-07-31T09:36:22,2026-07-31,-28,0,0,,,,,,,,,,329.0,Geen data gevonden — mogelijk geen kaarten beschikbaar of API gewijzigd
2026-07-31T12:52:21,2026-07-31,-28,0,0,,,,,,,,,,329.0,Geen data gevonden — mogelijk geen kaarten beschikbaar of API gewijzigd
2026-07-31T16:29:56,2026-07-31,-28,0,0,,,,,,,,,,329.0,Geen data gevonden — mogelijk geen kaarten beschikbaar of API gewijzigd
2026-07-31T20:18:08,2026-07-31,-28,0,0,,,,,,,,,,329.0,Geen data gevonden — mogelijk geen kaarten beschikbaar of API gewijzigd
2026-08-01T09:00:11,2026-08-01,-29,0,0,,,,,,,,,,329.0,Geen data gevonden — mogelijk geen kaarten beschikbaar of API gewijzigd
2026-08-01T11:58:45,2026-08-01,-29,0,0,,,,,,,,,,329.0,Geen data gevonden — mogelijk geen kaarten beschikbaar of API gewijzigd
2026-08-01T15:51:56,2026-08-01,-29,0,0,,,,,,,,,,329.0,Geen data gevonden — mogelijk geen kaarten beschikbaar of API gewijzigd
2026-08-01T20:06:58,2026-08-01,-29,0,0,,,,,,,,,,329.0,Geen data gevonden — mogelijk geen kaarten beschikbaar of API gewijzigd
2026-08-02T09:04:57,2026-08-02,-30,0,0,,,,,,,,,,329.0,Geen data gevonden — mogelijk geen kaarten beschikbaar of API gewijzigd
2026-08-02T11:57:22,2026-08-02,-30,0,0,,,,,,,,,,329.0,Geen data gevonden — mogelijk geen kaarten beschikbaar of API gewijzigd
2026-08-02T15:51:43,2026-08-02,-30,0,0,,,,,,,,,,329.0,Geen data gevonden — mogelijk geen kaarten beschikbaar of API gewijzigd
2026-08-02T20:07:32,2026-08-02,-30,0,0,,,,,,,,,,329.0,Geen data gevonden — mogelijk geen kaarten beschikbaar of API gewijzigd
2026-08-03T10:32:23,2026-08-03,-31,0,0,,,,,,,,,,329.0,Geen data gevonden — mogelijk geen kaarten beschikbaar of API gewijzigd
2026-08-03T17:03:53,2026-08-03,-31,0,0,,,,,,,,,,329.0,Geen data gevonden — mogelijk geen kaarten beschikbaar of API gewijzigd
2026-08-03T20:22:32,2026-08-03,-31,0,0,,,,,,,,,,329.0,Geen data gevonden — mogelijk geen kaarten beschikbaar of API gewijzigd
2026-08-04T09:33:16,2026-08-04,-32,0,0,,,,,,,,,,329.0,Geen data gevonden — mogelijk geen kaarten beschikbaar of API gewijzigd
2026-08-04T12:55:45,2026-08-04,-32,0,0,,,,,,,,,,329.0,Geen data gevonden — mogelijk geen kaarten beschikbaar of API gewijzigd
2026-08-04T16:46:16,2026-08-04,-32,0,0,,,,,,,,,,329.0,Geen data gevonden — mogelijk geen kaarten beschikbaar of API gewijzigd
2026-08-04T20:20:55,2026-08-04,-32,0,0,,,,,,,,,,329.0,Geen data gevonden — mogelijk geen kaarten beschikbaar of API gewijzigd
2026-08-05T09:30:07,2026-08-05,-33,0,0,,,,,,,,,,329.0,Geen data gevonden — mogelijk geen kaarten beschikbaar of API gewijzigd
2026-08-05T12:50:01,2026-08-05,-33,0,0,,,,,,,,,,329.0,Geen data gevonden — mogelijk geen kaarten beschikbaar of API gewijzigd
2026-08-05T16:26:28,2026-08-05,-33,0,0,,,,,,,,,,329.0,Geen data gevonden — mogelijk geen kaarten beschikbaar of API gewijzigd
2026-08-05T20:21:53,2026-08-05,-33,0,0,,,,,,,,,,329.0,Geen data gevonden — mogelijk geen kaarten beschikbaar of API gewijzigd
2026-08-06T09:34:03,2026-08-06,-34,0,0,,,,,,,,,,329.0,Geen data gevonden — mogelijk geen kaarten beschikbaar of API gewijzigd
2026-08-06T12:53:53,2026-08-06,-34,0,0,,,,,,,,,,329.0,Geen data gevonden — mogelijk geen kaarten beschikbaar of API gewijzigd
2026-08-07T00:37:17,2026-08-07,-35,0,0,,,,,,,,,,329.0,Geen data gevonden — mogelijk geen kaarten beschikbaar of API gewijzigd
2026-08-07T08:05:15,2026-08-07,-35,0,0,,,,,,,,,,329.0,Geen data gevonden — mogelijk geen kaarten beschikbaar of API gewijzigd
2026-08-07T11:41:02,2026-08-07,-35,0,0,,,,,,,,,,329.0,Geen data gevonden — mogelijk geen kaarten beschikbaar of API gewijzigd
2026-08-07T15:43:29,2026-08-07,-35,0,0,,,,,,,,,,329.0,Geen data gevonden — mogelijk geen kaarten beschikbaar of API gewijzigd
2026-08-07T19:47:27,2026-08-07,-35,0,0,,,,,,,,,,329.0,Geen data gevonden — mogelijk geen kaarten beschikbaar of API gewijzigd
2026-08-08T07:40:15,2026-08-08,-36,0,0,,,,,,,,,,329.0,Geen data gevonden — mogelijk geen kaarten beschikbaar of API gewijzigd
2026-08-08T11:22:29,2026-08-08,-36,0,0,,,,,,,,,,329.0,Geen data gevonden — mogelijk geen kaarten beschikbaar of API gewijzigd
2026-08-08T15:18:16,2026-08-08,-36,0,0,,,,,,,,,,329.0,Geen data gevonden — mogelijk geen kaarten beschikbaar of API gewijzigd
2026-08-08T19:23:59,2026-08-08,-36,0,0,,,,,,,,,,329.0,Geen data gevonden — mogelijk geen kaarten beschikbaar of API gewijzigd
2026-08-09T07:44:13,2026-08-09,-37,0,0,,,,,,,,,,329.0,Geen data gevonden — mogelijk geen kaarten beschikbaar of API gewijzigd
2026-08-09T11:23:08,2026-08-09,-37,0,0,,,,,,,,,,329.0,Geen data gevonden — mogelijk geen kaarten beschikbaar of API gewijzigd
2026-08-09T15:20:52,2026-08-09,-37,0,0,,,,,,,,,,329.0,Geen data gevonden — mogelijk geen kaarten beschikbaar of API gewijzigd
2026-08-09T19:27:02,2026-08-09,-37,0,0,,,,,,,,,,329.0,Geen data gevonden — mogelijk geen kaarten beschikbaar of API gewijzigd
2026-08-10T08:20:50,2026-08-10,-38,0,0,,,,,,,,,,329.0,Geen data gevonden — mogelijk geen kaarten beschikbaar of API gewijzigd
2026-08-10T11:43:29,2026-08-10,-38,0,0,,,,,,,,,,329.0,Geen data gevonden — mogelijk geen kaarten beschikbaar of API gewijzigd
2026-08-10T15:48:49,2026-08-10,-38,0,0,,,,,,,,,,329.0,Geen data gevonden — mogelijk geen kaarten beschikbaar of API gewijzigd
2026-08-10T19:50:38,2026-08-10,-38,0,0,,,,,,,,,,329.0,Geen data gevonden — mogelijk geen kaarten beschikbaar of API gewijzigd
2026-08-11T08:02:10,2026-08-11,-39,0,0,,,,,,,,,,329.0,Geen data gevonden — mogelijk geen kaarten beschikbaar of API gewijzigd
2026-08-11T11:39:15,2026-08-11,-39,0,0,,,,,,,,,,329.0,Geen data gevonden — mogelijk geen kaarten beschikbaar of API gewijzigd
2026-08-11T15:48:57,2026-08-11,-39,0,0,,,,,,,,,,329.0,Geen data gevonden — mogelijk geen kaarten beschikbaar of API gewijzigd
2026-08-11T19:57:23,2026-08-11,-39,0,0,,,,,,,,,,329.0,Geen data gevonden — mogelijk geen kaarten beschikbaar of API gewijzigd
2026-08-12T08:08:41,2026-08-12,-40,0,0,,,,,,,,,,329.0,Geen data gevonden — mogelijk geen kaarten beschikbaar of API gewijzigd
2026-08-12T11:41:56,2026-08-12,-40,0,0,,,,,,,,,,329.0,Geen data gevonden — mogelijk geen kaarten beschikbaar of API gewijzigd
2026-08-12T15:48:37,2026-08-12,-40,0,0,,,,,,,,,,329.0,Geen data gevonden — mogelijk geen kaarten beschikbaar of API gewijzigd
2026-08-12T19:58:08,2026-08-12,-40,0,0,,,,,,,,,,329.0,Geen data gevonden — mogelijk geen kaarten beschikbaar of API gewijzigd
2026-08-13T08:10:45,2026-08-13,-41,0,0,,,,,,,,,,329.0,Geen data gevonden — mogelijk geen kaarten beschikbaar of API gewijzigd
2026-08-13T11:42:26,2026-08-13,-41,0,0,,,,,,,,,,329.0,Geen data gevonden — mogelijk geen kaarten beschikbaar of API gewijzigd
2026-08-13T15:48:26,2026-08-13,-41,0,0,,,,,,,,,,329.0,Geen data gevonden — mogelijk geen kaarten beschikbaar of API gewijzigd
2026-08-13T19:53:44,2026-08-13,-41,0,0,,,,,,,,,,329.0,Geen data gevonden — mogelijk geen kaarten beschikbaar of API gewijzigd
2026-08-14T08:05:51,2026-08-14,-42,0,0,,,,,,,,,,329.0,Geen data gevonden — mogelijk geen kaarten beschikbaar of API gewijzigd
2026-08-14T11:39:34,2026-08-14,-42,0,0,,,,,,,,,,329.0,Geen data gevonden — mogelijk geen kaarten beschikbaar of API gewijzigd
2026-08-14T15:40:36,2026-08-14,-42,0,0,,,,,,,,,,329.0,Geen data gevonden — mogelijk geen kaarten beschikbaar of API gewijzigd
2026-08-14T19:43:17,2026-08-14,-42,0,0,,,,,,,,,,329.0,Geen data gevonden — mogelijk geen kaarten beschikbaar of API gewijzigd
2026-08-15T07:21:39,2026-08-15,-43,0,0,,,,,,,,,,329.0,Geen data gevonden — mogelijk geen kaarten beschikbaar of API gewijzigd
2026-08-15T11:14:38,2026-08-15,-43,0,0,,,,,,,,,,329.0,Geen data gevonden — mogelijk geen kaarten beschikbaar of API gewijzigd
2026-08-15T15:09:37,2026-08-15,-43,0,0,,,,,,,,,,329.0,Geen data gevonden — mogelijk geen kaarten beschikbaar of API gewijzigd
2026-08-15T19:16:56,2026-08-15,-43,0,0,,,,,,,,,,329.0,Geen data gevonden — mogelijk geen kaarten beschikbaar of API gewijzigd
2026-08-16T07:22:13,2026-08-16,-44,0,0,,,,,,,,,,329.0,Geen data gevonden — mogelijk geen kaarten beschikbaar of API gewijzigd
2026-08-16T11:14:33,2026-08-16,-44,0,0,,,,,,,,,,329.0,Geen data gevonden — mogelijk geen kaarten beschikbaar of API gewijzigd
2026-08-16T15:10:53,2026-08-16,-44,0,0,,,,,,,,,,329.0,Geen data gevonden — mogelijk geen kaarten beschikbaar of API gewijzigd
2026-08-16T19:16:37,2026-08-16,-44,0,0,,,,,,,,,,329.0,Geen data gevonden — mogelijk geen kaarten beschikbaar of API gewijzigd
2026-08-17T07:42:03,2026-08-17,-45,0,0,,,,,,,,,,329.0,Geen data gevonden — mogelijk geen kaarten beschikbaar of API gewijzigd
2026-08-17T11:19:34,2026-08-17,-45,0,0,,,,,,,,,,329.0,Geen data gevonden — mogelijk geen kaarten beschikbaar of API gewijzigd
2026-08-17T15:15:09,2026-08-17,-45,0,0,,,,,,,,,,329.0,Geen data gevonden — mogelijk geen kaarten beschikbaar of API gewijzigd
2026-08-17T19:22:41,2026-08-17,-45,0,0,,,,,,,,,,329.0,Geen data gevonden — mogelijk geen kaarten beschikbaar of API gewijzigd
2026-08-18T07:28:06,2026-08-18,-46,0,0,,,,,,,,,,329.0,Geen data gevonden — mogelijk geen kaarten beschikbaar of API gewijzigd
2026-08-18T11:19:54,2026-08-18,-46,0,0,,,,,,,,,,329.0,Geen data gevonden — mogelijk geen kaarten beschikbaar of API gewijzigd
2026-08-18T15:20:34,2026-08-18,-46,0,0,,,,,,,,,,329.0,Geen data gevonden — mogelijk geen kaarten beschikbaar of API gewijzigd
2026-08-18T19:22:45,2026-08-18,-46,0,0,,,,,,,,,,329.0,Geen data gevonden — mogelijk geen kaarten beschikbaar of API gewijzigd
2026-08-19T07:30:54,2026-08-19,-47,0,0,,,,,,,,,,329.0,Geen data gevonden — mogelijk geen kaarten beschikbaar of API gewijzigd
2026-08-19T11:19:52,2026-08-19,-47,0,0,,,,,,,,,,329.0,Geen data gevonden — mogelijk geen kaarten beschikbaar of API gewijzigd
2026-08-19T15:24:27,2026-08-19,-47,0,0,,,,,,,,,,329.0,Geen data gevonden — mogelijk geen kaarten beschikbaar of API gewijzigd
2026-08-19T19:21:58,2026-08-19,-47,0,0,,,,,,,,,,329.0,Geen data gevonden — mogelijk geen kaarten beschikbaar of API gewijzigd
2026-08-20T07:31:46,2026-08-20,-48,0,0,,,,,,,,,,329.0,Geen data gevonden — mogelijk geen kaarten beschikbaar of API gewijzigd
2026-08-20T11:20:38,2026-08-20,-48,0,0,,,,,,,,,,329.0,Geen data gevonden — mogelijk geen kaarten beschikbaar of API gewijzigd
2026-08-20T15:23:27,2026-08-20,-48,0,0,,,,,,,,,,329.0,Geen data gevonden — mogelijk geen kaarten beschikbaar of API gewijzigd
2026-08-20T19:25:28,2026-08-20,-48,0,0,,,,,,,,,,329.0,Geen data gevonden — mogelijk geen kaarten beschikbaar of API gewijzigd
2026-08-21T07:34:13,2026-08-21,-49,0,0,,,,,,,,,,329.0,Geen data gevonden — mogelijk geen kaarten beschikbaar of API gewijzigd
2026-08-21T11:19:20,2026-08-21,-49,0,0,,,,,,,,,,329.0,Geen data gevonden — mogelijk geen kaarten beschikbaar of API gewijzigd
2026-08-21T15:22:05,2026-08-21,-49,0,0,,,,,,,,,,329.0,Geen data gevonden — mogelijk geen kaarten beschikbaar of API gewijzigd
2026-08-21T19:21:08,2026-08-21,-49,0,0,,,,,,,,,,329.0,Geen data gevonden — mogelijk geen kaarten beschikbaar of API gewijzigd
2026-08-22T07:22:44,2026-08-22,-50,0,0,,,,,,,,,,329.0,Geen data gevonden — mogelijk geen kaarten beschikbaar of API gewijzigd
2026-08-22T11:15:25,2026-08-22,-50,0,0,,,,,,,,,,329.0,Geen data gevonden — mogelijk geen kaarten beschikbaar of API gewijzigd
2026-08-22T15:10:14,2026-08-22,-50,0,0,,,,,,,,,,329.0,Geen data gevonden — mogelijk geen kaarten beschikbaar of API gewijzigd
2026-08-22T19:18:24,2026-08-22,-50,0,0,,,,,,,,,,329.0,Geen data gevonden — mogelijk geen kaarten beschikbaar of API gewijzigd
2026-08-23T07:24:50,2026-08-23,-51,0,0,,,,,,,,,,329.0,Geen data gevonden — mogelijk geen kaarten beschikbaar of API gewijzigd
2026-08-23T11:15:07,2026-08-23,-51,0,0,,,,,,,,,,329.0,Geen data gevonden — mogelijk geen kaarten beschikbaar of API gewijzigd
2026-08-23T15:11:53,2026-08-23,-51,0,0,,,,,,,,,,329.0,Geen data gevonden — mogelijk geen kaarten beschikbaar of API gewijzigd
2026-08-23T19:18:11,2026-08-23,-51,0,0,,,,,,,,,,329.0,Geen data gevonden — mogelijk geen kaarten beschikbaar of API gewijzigd
2026-08-24T07:48:30,2026-08-24,-52,0,0,,,,,,,,,,329.0,Geen data gevonden — mogelijk geen kaarten beschikbaar of API gewijzigd
2026-08-24T11:21:18,2026-08-24,-52,0,0,,,,,,,,,,329.0,Geen data gevonden — mogelijk geen kaarten beschikbaar of API gewijzigd
2026-08-24T15:28:19,2026-08-24,-52,0,0,,,,,,,,,,329.0,Geen data gevonden — mogelijk geen kaarten beschikbaar of API gewijzigd
2026-08-24T19:23:44,2026-08-24,-52,0,0,,,,,,,,,,329.0,Geen data gevonden — mogelijk geen kaarten beschikbaar of API gewijzigd
2026-08-25T07:35:03,2026-08-25,-53,0,0,,,,,,,,,,329.0,Geen data gevonden — mogelijk geen kaarten beschikbaar of API gewijzigd
2026-08-25T11:21:24,2026-08-25,-53,0,0,,,,,,,,,,329.0,Geen data gevonden — mogelijk geen kaarten beschikbaar of API gewijzigd
2026-08-25T15:32:39,2026-08-25,-53,0,0,,,,,,,,,,329.0,Geen data gevonden — mogelijk geen kaarten beschikbaar of API gewijzigd
2026-08-25T19:25:46,2026-08-25,-53,0,0,,,,,,,,,,329.0,Geen data gevonden — mogelijk geen kaarten beschikbaar of API gewijzigd
2026-08-26T07:36:28,2026-08-26,-54,0,0,,,,,,,,,,329.0,Geen data gevonden — mogelijk geen kaarten beschikbaar of API gewijzigd
2026-08-26T11:23:08,2026-08-26,-54,0,0,,,,,,,,,,329.0,Geen data gevonden — mogelijk geen kaarten beschikbaar of API gewijzigd
2026-08-26T16:08:53,2026-08-26,-54,0,0,,,,,,,,,,329.0,Geen data gevonden — mogelijk geen kaarten beschikbaar of API gewijzigd
2026-08-26T21:32:55,2026-08-26,-54,0,0,,,,,,,,,,329.0,Geen data gevonden — mogelijk geen kaarten beschikbaar of API gewijzigd
2026-08-27T17:57:43,2026-08-27,-55,0,0,,,,,,,,,,329.0,Geen data gevonden — mogelijk geen kaarten beschikbaar of API gewijzigd
2026-08-27T20:53:45,2026-08-27,-55,0,0,,,,,,,,,,329.0,Geen data gevonden — mogelijk geen kaarten beschikbaar of API gewijzigd
2026-08-28T00:08:50,2026-08-28,-56,0,0,,,,,,,,,,329.0,Geen data gevonden — mogelijk geen kaarten beschikbaar of API gewijzigd
2026-08-28T02:24:09,2026-08-28,-56,0,0,,,,,,,,,,329.0,Geen data gevonden — mogelijk geen kaarten beschikbaar of API gewijzigd
2026-08-28T19:08:27,2026-08-28,-56,0,0,,,,,,,,,,329.0,Geen data gevonden — mogelijk geen kaarten beschikbaar of API gewijzigd
2026-08-28T21:19:27,2026-08-28,-56,0,0,,,,,,,,,,329.0,Geen data gevonden — mogelijk geen kaarten beschikbaar of API gewijzigd
2026-08-28T23:45:34,2026-08-28,-56,0,0,,,,,,,,,,329.0,Geen data gevonden — mogelijk geen kaarten beschikbaar of API gewijzigd
2026-08-29T01:57:59,2026-08-29,-57,0,0,,,,,,,,,,329.0,Geen data gevonden — mogelijk geen kaarten beschikbaar of API gewijzigd
2026-08-29T12:52:18,2026-08-29,-57,0,0,,,,,,,,,,329.0,Geen data gevonden — mogelijk geen kaarten beschikbaar of API gewijzigd
2026-08-29T15:24:13,2026-08-29,-57,0,0,,,,,,,,,,329.0,Geen data gevonden — mogelijk geen kaarten beschikbaar of API gewijzigd
2026-08-29T17:59:53,2026-08-29,-57,0,0,,,,,,,,,,329.0,Geen data gevonden — mogelijk geen kaarten beschikbaar of API gewijzigd
2026-08-29T21:27:48,2026-08-29,-57,0,0,,,,,,,,,,329.0,Geen data gevonden — mogelijk geen kaarten beschikbaar of API gewijzigd
2026-08-30T12:23:18,2026-08-30,-58,0,0,,,,,,,,,,329.0,Geen data gevonden — mogelijk geen kaarten beschikbaar of API gewijzigd
2026-08-30T15:08:27,2026-08-30,-58,0,0,,,,,,,,,,329.0,Geen data gevonden — mogelijk geen kaarten beschikbaar of API gewijzigd
2026-08-30T18:14:43,2026-08-30,-58,0,0,,,,,,,,,,329.0,Geen data gevonden — mogelijk geen kaarten beschikbaar of API gewijzigd
2026-08-30T21:47:05,2026-08-30,-58,0,0,,,,,,,,,,329.0,Geen data gevonden — mogelijk geen kaarten beschikbaar of API gewijzigd
2026-08-31T14:32:52,2026-08-31,-59,0,0,,,,,,,,,,329.0,Geen data gevonden — mogelijk geen kaarten beschikbaar of API gewijzigd
2026-08-31T17:47:30,2026-08-31,-59,0,0,,,,,,,,,,329.0,Geen data gevonden — mogelijk geen kaarten beschikbaar of API gewijzigd
2026-08-31T20:27:26,2026-08-31,-59,0,0,,,,,,,,,,329.0,Geen data gevonden — mogelijk geen kaarten beschikbaar of API gewijzigd
2026-08-31T23:05:05,2026-08-31,-59,0,0,,,,,,,,,,329.0,Geen data gevonden — mogelijk geen kaarten beschikbaar of API gewijzigd
2026-09-01T12:12:11,2026-09-01,-60,0,0,,,,,,,,,,329.0,Geen data gevonden — mogelijk geen kaarten beschikbaar of API gewijzigd
2026-09-01T15:21:34,2026-09-01,-60,0,0,,,,,,,,,,329.0,Geen data gevonden — mogelijk geen kaarten beschikbaar of API gewijzigd
2026-09-01T18:02:06,2026-09-01,-60,0,0,,,,,,,,,,329.0,Geen data gevonden — mogelijk geen kaarten beschikbaar of API gewijzigd
2026-09-01T21:32:14,2026-09-01,-60,0,0,,,,,,,,,,329.0,Geen data gevonden — mogelijk geen kaarten beschikbaar of API gewijzigd
2026-09-02T11:49:27,2026-09-02,-61,0,0,,,,,,,,,,329.0,Geen data gevonden — mogelijk geen kaarten beschikbaar of API gewijzigd
2026-09-02T14:53:07,2026-09-02,-61,0,0,,,,,,,,,,329.0,Geen data gevonden — mogelijk geen kaarten beschikbaar of API gewijzigd
2026-09-02T18:13:31,2026-09-02,-61,0,0,,,,,,,,,,329.0,Geen data gevonden — mogelijk geen kaarten beschikbaar of API gewijzigd
2026-09-02T21:29:54,2026-09-02,-61,0,0,,,,,,,,,,329.0,Geen data gevonden — mogelijk geen kaarten beschikbaar of API gewijzigd
2026-09-03T11:48:54,2026-09-03,-62,0,0,,,,,,,,,,329.0,Geen data gevonden — mogelijk geen kaarten beschikbaar of API gewijzigd
2026-09-03T14:50:29,2026-09-03,-62,0,0,,,,,,,,,,329.0,Geen data gevonden — mogelijk geen kaarten beschikbaar of API gewijzigd
2026-09-03T18:12:10,2026-09-03,-62,0,0,,,,,,,,,,329.0,Geen data gevonden — mogelijk geen kaarten beschikbaar of API gewijzigd
2026-09-03T21:32:51,2026-09-03,-62,0,0,,,,,,,,,,329.0,Geen data gevonden — mogelijk geen kaarten beschikbaar of API gewijzigd
2026-09-04T11:51:05,2026-09-04,-63,0,0,,,,,,,,,,329.0,Geen data gevonden — mogelijk geen kaarten beschikbaar of API gewijzigd
2026-09-04T14:41:20,2026-09-04,-63,0,0,,,,,,,,,,329.0,Geen data gevonden — mogelijk geen kaarten beschikbaar of API gewijzigd
2026-09-04T17:53:06,2026-09-04,-63,0,0,,,,,,,,,,329.0,Geen data gevonden — mogelijk geen kaarten beschikbaar of API gewijzigd
2026-09-04T21:10:23,2026-09-04,-63,0,0,,,,,,,,,,329.0,Geen data gevonden — mogelijk geen kaarten beschikbaar of API gewijzigd
2026-09-05T11:00:26,2026-09-05,-64,0,0,,,,,,,,,,329.0,Geen data gevonden — mogelijk geen kaarten beschikbaar of API gewijzigd
